id;tema;nome;pontos;status;dataBacklog;dataExecucao;dataQA;dataValCliente;dataFinalizado;bloqueadoDesde;motivoBloqueio;ciclosValidacao;dadosProntos
D001;Tecnologia da Informação;Painel de Backlog de TI;2;finalizado;2026-05-29;2026-06-28;2026-06-30;2026-07-01;2026-07-03;;;1;True
D002;Financeiro;Painel de Fluxo de Caixa;2;finalizado;2026-04-22;2026-05-24;2026-05-27;2026-05-28;2026-05-30;;;1;True
D003;Marketing;Painel de Redes Sociais;3;finalizado;2026-03-25;2026-04-06;2026-04-10;2026-04-12;2026-04-18;;;2;True
D004;Comercial;Painel de Funil de Vendas;5;finalizado;2026-05-14;2026-06-04;2026-06-13;2026-06-16;2026-06-20;;;1;True
D005;Jurídico e Compliance;Painel de Normativos;13;finalizado;2026-04-06;2026-05-04;2026-05-26;2026-05-31;2026-06-30;;;2;True
D006;Jurídico e Compliance;Painel de Contratos Vigentes;5;finalizado;2026-03-08;2026-04-01;2026-04-11;2026-04-15;2026-04-22;;;1;True
D007;Financeiro;Painel de Custos por Centro;2;finalizado;2026-06-21;2026-07-04;2026-07-08;2026-07-09;2026-07-13;;;2;True
D008;Recursos Humanos;Painel de Banco de Horas;3;finalizado;2026-06-10;2026-06-27;2026-07-01;2026-07-02;2026-07-11;;;3;True
D009;Marketing;Painel de CAC e LTV;5;finalizado;2026-04-18;2026-05-14;2026-05-24;2026-05-27;2026-06-01;;;1;True
D010;Operações e Logística;Painel de Lead Time de Entrega;1;finalizado;2026-04-03;2026-04-29;2026-05-01;2026-05-02;2026-05-04;;;1;True
D011;Marketing;Painel de E-mail Marketing;1;finalizado;2026-06-03;2026-06-23;2026-06-25;2026-06-26;2026-07-02;;;3;True
D012;Marketing;Painel de Mídia Paga;5;finalizado;2026-06-19;2026-06-30;2026-07-06;2026-07-08;2026-07-13;;;1;True
D013;Jurídico e Compliance;Painel de Contencioso;1;finalizado;2026-05-09;2026-06-12;2026-06-14;2026-06-15;2026-06-17;;;1;True
D014;Financeiro;Painel de Conciliação Bancária;2;finalizado;2026-06-04;2026-06-14;2026-06-17;2026-06-18;2026-06-22;;;2;True
D015;Tecnologia da Informação;Painel de Incidentes;8;finalizado;2026-03-24;2026-04-22;2026-05-02;2026-05-07;2026-05-25;;;3;True
D016;Atendimento ao Cliente;Painel de Reclame Aqui;2;finalizado;2026-06-13;2026-06-30;2026-07-02;2026-07-03;2026-07-07;;;2;True
D017;Tecnologia da Informação;Painel de Segurança;2;finalizado;2026-05-15;2026-06-22;2026-06-25;2026-06-26;2026-06-28;;;1;True
D018;Jurídico e Compliance;Painel de Auditorias;1;finalizado;2026-05-23;2026-06-12;2026-06-14;2026-06-15;2026-06-19;;;2;True
D019;Atendimento ao Cliente;Painel de Volume de Tickets;3;finalizado;2026-05-03;2026-05-28;2026-06-02;2026-06-03;2026-06-06;;;1;True
D020;Atendimento ao Cliente;Painel de Fila em Tempo Real;2;finalizado;2026-02-26;2026-04-08;2026-04-10;2026-04-11;2026-04-17;;;3;True
D021;Atendimento ao Cliente;Painel de NPS;13;finalizado;2026-05-01;2026-05-16;2026-06-07;2026-06-15;2026-07-12;;;3;True
D022;Sustentabilidade (ESG);Painel de Consumo de Água;3;finalizado;2026-05-29;2026-06-22;2026-06-27;2026-06-29;2026-07-03;;;1;True
D023;Suprimentos e Compras;Painel de Curva ABC de Compras;8;finalizado;2026-03-08;2026-04-20;2026-05-07;2026-05-10;2026-05-20;;;2;True
D024;Tecnologia da Informação;Painel de Projetos de TI;2;finalizado;2026-06-28;2026-07-08;2026-07-10;2026-07-11;2026-07-13;;;1;True
D025;Operações e Logística;Painel de Devoluções;3;finalizado;2026-05-13;2026-06-14;2026-06-17;2026-06-18;2026-06-20;;;1;True
D026;Comercial;Painel de Cross-sell;3;finalizado;2026-05-27;2026-06-10;2026-06-13;2026-06-15;2026-06-19;;;1;True
D027;Operações e Logística;Painel de Avarias;3;finalizado;2026-05-14;2026-06-03;2026-06-07;2026-06-09;2026-06-13;;;1;True
D028;Jurídico e Compliance;Painel de Provisões;5;valcliente;2026-02-24;2026-04-07;2026-04-16;2026-04-20;;;;2;True
D029;Operações e Logística;Painel de Estoque;8;valcliente;2026-02-17;2026-04-17;2026-05-03;2026-05-10;;;;1;True
D030;Marketing;Painel de Leads por Origem;2;valcliente;2026-02-23;2026-04-14;2026-04-17;2026-04-18;;;;2;True
D031;Tecnologia da Informação;Painel de Licenças;2;valcliente;2026-02-08;2026-02-23;2026-02-26;2026-02-27;;;;2;True
D032;Marketing;Painel de Tráfego e Conversão;3;valcliente;2026-02-21;2026-04-07;2026-04-13;2026-04-15;;;;1;True
D033;Marketing;Painel de Performance de Campanhas;2;valcliente;2026-02-06;2026-03-06;2026-03-10;2026-03-11;;;;2;True
D034;Sustentabilidade (ESG);Painel de Metas ESG;5;valcliente;2026-02-23;2026-03-09;2026-03-19;2026-03-21;;;;2;True
D035;Marketing;Painel de Eventos;13;valcliente;2026-02-04;2026-02-27;2026-03-16;2026-03-24;;;;1;True
D036;Suprimentos e Compras;Painel de Pedidos em Aberto;13;valcliente;2026-02-09;2026-03-29;2026-04-18;2026-04-26;;;;1;True
D037;Financeiro;Painel de Contas a Receber;3;valcliente;2026-03-08;2026-03-23;2026-03-28;2026-03-30;;;;1;True
D038;Operações e Logística;Painel de Rotas;1;valcliente;2026-02-23;2026-04-24;2026-04-26;2026-04-27;;;;1;True
D039;Recursos Humanos;Painel de Recrutamento;2;valcliente;2026-02-28;2026-03-15;2026-03-18;2026-03-19;;;;1;True
D040;Financeiro;Painel de Endividamento;8;valcliente;2026-02-13;2026-02-16;2026-03-02;2026-03-06;;;;1;True
D041;Tecnologia da Informação;Painel de Obsolescência;2;qa;2026-03-11;2026-04-26;2026-04-29;;;;;1;True
D042;Jurídico e Compliance;Painel de Prazos Processuais;3;qa;2026-02-12;2026-03-26;2026-03-31;;;;;1;True
D043;Atendimento ao Cliente;Painel de Tempo de Resolução;8;qa;2026-02-17;2026-02-21;2026-03-07;;;;;1;True
D044;Comercial;Painel de Cobertura de Carteira;13;qa;2026-03-13;2026-04-25;2026-05-21;;;;;1;True
D045;Operações e Logística;Painel de Produtividade CD;5;qa;2026-02-26;2026-03-01;2026-03-09;;;;;2;True
D046;Jurídico e Compliance;Painel de Procurações;8;qa;2026-02-08;2026-03-27;2026-04-11;;;;;1;True
D047;Comercial;Painel de Metas por Vendedor;1;qa;2026-02-17;2026-03-21;2026-03-23;;;;;1;True
D048;Financeiro;Painel de Margem por Produto;13;qa;2026-03-12;2026-05-06;2026-05-25;;;;;2;True
D049;Operações e Logística;Painel de Janelas de Doca;3;qa;2026-03-09;2026-04-09;2026-04-13;;;;;1;True
D050;Atendimento ao Cliente;Painel de CSAT por Canal;2;qa;2026-03-14;2026-04-01;2026-04-03;;;;;1;True
D051;Recursos Humanos;Painel de Absenteísmo;1;execucao;2026-02-20;2026-02-28;;;;;;0;True
D052;Suprimentos e Compras;Painel de Homologação de Fornecedores;2;execucao;2026-02-16;2026-03-17;;;;;;0;True
D053;Recursos Humanos;Painel de Clima Organizacional;3;execucao;2026-03-08;2026-04-04;;;;;;0;True
D054;Comercial;Painel de Pipeline Regional;8;execucao;2026-03-11;2026-04-19;;;;;;0;True
D055;Comercial;Painel de Comissões;3;execucao;2026-02-02;2026-04-03;;;;;;0;True
D056;Tecnologia da Informação;Painel de Custos de Cloud;13;execucao;2026-02-28;2026-04-29;;;;;;0;True
D057;Atendimento ao Cliente;Painel de SLA de Chamados;2;execucao;2026-02-16;2026-04-02;;;;;;0;True
D058;Sustentabilidade (ESG);Painel de Emissões de CO2;5;execucao;2026-02-27;2026-04-10;;;;;;0;True
D059;Comercial;Painel de Sazonalidade de Vendas;5;execucao;2026-02-27;2026-03-29;;;;;;0;True
D060;Sustentabilidade (ESG);Painel de Consumo de Energia;2;execucao;2026-03-03;2026-04-04;;;;;;0;True
D061;Recursos Humanos;Painel de Headcount;3;execucao;2026-02-26;2026-04-23;;;;;;0;True
D062;Suprimentos e Compras;Painel de Saving de Compras;2;execucao;2026-02-03;2026-02-20;;;;;;0;True
D063;Marketing;Painel de Brand Health;5;execucao;2026-02-04;2026-02-08;;;;;;0;True
D064;Recursos Humanos;Painel de Turnover;5;execucao;2026-02-17;2026-03-05;;;;;;0;True
D065;Comercial;Painel de Receita por Canal;3;execucao;2026-02-18;2026-04-09;;;;;;0;True
D066;Sustentabilidade (ESG);Painel de Indicadores Sociais;5;execucao;2026-02-12;2026-03-06;;;;;;0;True
D067;Tecnologia da Informação;Painel de Disponibilidade de Sistemas;5;execucao;2026-02-26;2026-04-14;;;;;;0;True
D068;Sustentabilidade (ESG);Painel de Resíduos e Reciclagem;8;execucao;2026-02-17;2026-03-30;;;;;;0;True
D069;Atendimento ao Cliente;Painel de Reincidência;8;execucao;2026-03-10;2026-04-05;;;;;;0;True
D070;Sustentabilidade (ESG);Painel de Cadeia Sustentável;1;execucao;2026-02-23;2026-03-25;;;;;;0;True
D071;Recursos Humanos;Painel de Treinamentos;13;bloqueado;2026-03-14;2026-03-28;;;;2026-04-07;Qualidade de dados insuficiente;0;False
D072;Suprimentos e Compras;Painel de Fornecedores Ativos;8;bloqueado;2026-03-08;2026-04-17;;;;2026-04-23;Qualidade de dados insuficiente;0;False
D073;Tecnologia da Informação;Painel de Chamados por Sistema;13;bloqueado;2026-02-07;2026-03-18;;;;2026-03-26;Qualidade de dados insuficiente;0;False
D074;Operações e Logística;Painel de OTIF;2;bloqueado;2026-02-22;2026-03-18;;;;2026-03-24;Qualidade de dados insuficiente;0;False
D075;Recursos Humanos;Painel de Diversidade;8;bloqueado;2026-03-07;2026-04-10;;;;2026-04-20;Regra de negócio em definição com o cliente;0;False
D076;Suprimentos e Compras;Painel de Contratos de Fornecimento;8;bloqueado;2026-03-05;2026-04-02;;;;2026-04-07;Qualidade de dados insuficiente;0;False
D077;Sustentabilidade (ESG);Painel de Governança ESG;8;bloqueado;2026-02-25;2026-04-16;;;;2026-04-26;Qualidade de dados insuficiente;0;False
D078;Comercial;Painel de Ticket Médio;5;backlog;2026-03-03;;;;;;;0;True
D079;Atendimento ao Cliente;Painel de Autoatendimento;3;backlog;2026-03-08;;;;;;;0;False
D080;Suprimentos e Compras;Painel de Lead Time de Suprimentos;5;backlog;2026-03-11;;;;;;;0;True
D081;Financeiro;Painel de DRE Gerencial;3;backlog;2026-02-16;;;;;;;0;True
D082;Jurídico e Compliance;Painel de LGPD;2;backlog;2026-02-05;;;;;;;0;False
D083;Financeiro;Painel de Inadimplência;5;backlog;2026-02-02;;;;;;;0;True
D084;Financeiro;Painel de Capital de Giro;2;backlog;2026-03-04;;;;;;;0;False
D085;Recursos Humanos;Painel de Avaliação de Desempenho;8;backlog;2026-02-11;;;;;;;0;False
D086;Operações e Logística;Painel de Ocupação de Frota;3;backlog;2026-02-28;;;;;;;0;True
D087;Operações e Logística;Painel de Custo de Frete;5;backlog;2026-03-02;;;;;;;0;False
D088;Comercial;Painel de Churn de Clientes;2;backlog;2026-02-08;;;;;;;0;False
D089;Financeiro;Painel de Orçado vs Realizado;3;backlog;2026-02-13;;;;;;;0;False
D090;Suprimentos e Compras;Painel de Ruptura de Estoque;5;backlog;2026-02-04;;;;;;;0;True
D091;Suprimentos e Compras;Painel de Homologação de Fornecedores — Visão Executiva;8;backlog;2026-02-18;;;;;;;0;False
D092;Marketing;Painel de Eventos — Visão Executiva;5;backlog;2026-03-08;;;;;;;0;True
D093;Marketing;Painel de CAC e LTV — Visão Executiva;2;backlog;2026-02-21;;;;;;;0;True
D094;Jurídico e Compliance;Painel de Provisões — Visão Executiva;5;backlog;2026-02-21;;;;;;;0;True
D095;Tecnologia da Informação;Painel de Chamados por Sistema — Visão Executiva;2;backlog;2026-02-04;;;;;;;0;True
D096;Marketing;Painel de Eventos — Visão Executiva — Visão Executiva;3;backlog;2026-03-10;;;;;;;0;False
D097;Tecnologia da Informação;Painel de Obsolescência — Visão Executiva;8;backlog;2026-02-13;;;;;;;0;True
D098;Jurídico e Compliance;Painel de Provisões — Visão Executiva;8;backlog;2026-03-14;;;;;;;0;True
D099;Financeiro;Painel de Capital de Giro — Visão Executiva;5;backlog;2026-02-08;;;;;;;0;True
D100;Recursos Humanos;Painel de Turnover — Visão Executiva;13;backlog;2026-03-09;;;;;;;0;True
